id,user_uuid,user_id,post_id,content,created_at,updated_at
350,123e4567-e89b-12d3-a456-426614170027,28,30,"새로 산 라켓이 가볍고 좋다니 부럽네요",2025-06-05T15:30:00.000Z,2025-06-05T15:30:00.000Z
351,123e4567-e89b-12d3-a456-426614170037,38,30,"가격대는 어떻게 되나요?",2025-06-05T15:45:00.000Z,2025-06-05T15:45:00.000Z
352,123e4567-e89b-12d3-a456-426614170047,48,30,"라켓 무게 차이가 많이 나나요?",2025-06-05T16:00:00.000Z,2025-06-05T16:00:00.000Z
353,123e4567-e89b-12d3-a456-426614170017,18,31,"프로 테니스 경기 직접 보시다니 부럽네요!",2025-06-05T16:15:00.000Z,2025-06-05T16:15:00.000Z
354,123e4567-e89b-12d3-a456-426614170027,28,31,"어떤 선수들 경기였나요?",2025-06-05T16:30:00.000Z,2025-06-05T16:30:00.000Z
355,123e4567-e89b-12d3-a456-426614170037,38,31,"현장에서 보니까 어떤 기분이셨나요?",2025-06-05T16:45:00.000Z,2025-06-05T16:45:00.000Z
356,123e4567-e89b-12d3-a456-426614170017,18,32,"매일 연습하시는 거 대단해요!",2025-06-05T17:15:00.000Z,2025-06-05T17:15:00.000Z
357,123e4567-e89b-12d3-a456-426614170027,28,32,"실력 향상 느끼시나요?",2025-06-05T17:30:00.000Z,2025-06-05T17:30:00.000Z
358,123e4567-e89b-12d3-a456-426614170037,38,32,"연습 일지 쓰는 것도 도움될 것 같아요",2025-06-05T17:45:00.000Z,2025-06-05T17:45:00.000Z
359,123e4567-e89b-12d3-a456-426614170035,36,33,"다이어트 식단 구성 정말 잘하셨네요!",2025-06-05T18:15:00.000Z,2025-06-05T18:15:00.000Z
360,123e4567-e89b-12d3-a456-426614170055,56,33,"칼로리 계산은 어떻게 하세요?",2025-06-05T18:30:00.000Z,2025-06-05T18:30:00.000Z
361,123e4567-e89b-12d3-a456-426614170075,76,33,"식단 짜는게 정말 어려워요",2025-06-05T18:45:00.000Z,2025-06-05T18:45:00.000Z
362,123e4567-e89b-12d3-a456-426614170015,16,34,"다이어트 레시피 공유 감사해요!",2025-06-05T19:15:00.000Z,2025-06-05T19:15:00.000Z
363,123e4567-e89b-12d3-a456-426614170055,56,34,"만들기 어렵지 않나요?",2025-06-05T19:30:00.000Z,2025-06-05T19:30:00.000Z
364,123e4567-e89b-12d3-a456-426614170075,76,34,"다이어트 앱 추천해주세요",2025-06-05T19:45:00.000Z,2025-06-05T19:45:00.000Z
365,123e4567-e89b-12d3-a456-426614170015,16,35,"힘들 때가 있죠... 화이팅!",2025-06-05T20:15:00.000Z,2025-06-05T20:15:00.000Z
366,123e4567-e89b-12d3-a456-426614170035,36,35,"산책도 좋은 방법이네요",2025-06-05T20:30:00.000Z,2025-06-05T20:30:00.000Z
367,123e4567-e89b-12d3-a456-426614170075,76,35,"스트레스 받을 때 운동이 답이죠",2025-06-05T20:45:00.000Z,2025-06-05T20:45:00.000Z
368,123e4567-e89b-12d3-a456-426614170015,16,36,"식단 짜는게 정말 어려워요",2025-06-05T21:15:00.000Z,2025-06-05T21:15:00.000Z
369,123e4567-e89b-12d3-a456-426614170035,36,36,"입맛없을때 정말 힘들죠",2025-06-05T21:30:00.000Z,2025-06-05T21:30:00.000Z
370,123e4567-e89b-12d3-a456-426614170055,56,36,"화이팅! 포기하지 마세요",2025-06-05T21:45:00.000Z,2025-06-05T21:45:00.000Z
371,123e4567-e89b-12d3-a456-426614170052,53,37,"운동복 코디 센스가 좋으시네요!",2025-06-05T22:15:00.000Z,2025-06-05T22:15:00.000Z
372,123e4567-e89b-12d3-a456-426614170082,83,37,"어떤 브랜드 제품인가요?",2025-06-05T22:30:00.000Z,2025-06-05T22:30:00.000Z
373,123e4567-e89b-12d3-a456-426614170001,2,37,"기능성과 스타일 둘 다 좋아보여요",2025-06-05T22:45:00.000Z,2025-06-05T22:45:00.000Z
374,123e4567-e89b-12d3-a456-426614170022,23,38,"새로 산 운동복이 편하고 예쁘다니 좋겠어요",2025-06-05T23:15:00.000Z,2025-06-05T23:15:00.000Z
375,123e4567-e89b-12d3-a456-426614170082,83,38,"온라인으로 사셨나요?",2025-06-05T23:30:00.000Z,2025-06-05T23:30:00.000Z
376,123e4567-e89b-12d3-a456-426614170001,2,38,"브랜드 추천해주세요",2025-06-05T23:45:00.000Z,2025-06-05T23:45:00.000Z
377,123e4567-e89b-12d3-a456-426614170022,23,39,"브랜드별 차이가 많이 나나요?",2025-06-06T00:15:00.000Z,2025-06-06T00:15:00.000Z
378,123e4567-e89b-12d3-a456-426614170052,53,39,"져지 정말 편하죠!",2025-06-06T00:30:00.000Z,2025-06-06T00:30:00.000Z
379,123e4567-e89b-12d3-a456-426614170001,2,39,"운동별로 옷을 다르게 입으시나요?",2025-06-06T00:45:00.000Z,2025-06-06T00:45:00.000Z
380,123e4567-e89b-12d3-a456-426614170026,27,40,"프로틴 맛 리뷰 감사해요!",2025-06-06T01:15:00.000Z,2025-06-06T01:15:00.000Z
381,123e4567-e89b-12d3-a456-426614170036,37,40,"어떤 브랜드 추천하시나요?",2025-06-06T01:30:00.000Z,2025-06-06T01:30:00.000Z
382,123e4567-e89b-12d3-a456-426614170046,47,40,"이 맛 저도 먹어보고 싶어요!",2025-06-06T01:45:00.000Z,2025-06-06T01:45:00.000Z
383,123e4567-e89b-12d3-a456-426614170006,7,41,"여러분이 추천하는 프로틴 저도 궁금해요",2025-06-06T02:15:00.000Z,2025-06-06T02:15:00.000Z
384,123e4567-e89b-12d3-a456-426614170036,37,41,"가격대도 중요하죠",2025-06-06T02:30:00.000Z,2025-06-06T02:30:00.000Z
385,123e4567-e89b-12d3-a456-426614170046,47,41,"맛도 고려해야 하고 고민이에요",2025-06-06T02:45:00.000Z,2025-06-06T02:45:00.000Z
386,123e4567-e89b-12d3-a456-426614170006,7,42,"프로틴 섭취 방법 자세히 알려주세요!",2025-06-06T03:15:00.000Z,2025-06-06T03:15:00.000Z
387,123e4567-e89b-12d3-a456-426614170026,27,42,"운동 전후 언제 먹는게 좋나요?",2025-06-06T03:30:00.000Z,2025-06-06T03:30:00.000Z
388,123e4567-e89b-12d3-a456-426614170046,47,42,"하루에 얼마나 먹어야 하나요?",2025-06-06T03:45:00.000Z,2025-06-06T03:45:00.000Z
389,123e4567-e89b-12d3-a456-426614170006,7,43,"효과 언제부터 나타나나요?",2025-06-06T04:15:00.000Z,2025-06-06T04:15:00.000Z
390,123e4567-e89b-12d3-a456-426614170026,27,43,"꾸준히 먹는게 중요하겠네요",2025-06-06T04:30:00.000Z,2025-06-06T04:30:00.000Z
391,123e4567-e89b-12d3-a456-426614170036,37,43,"근육 발달에 정말 도움되나요?",2025-06-06T04:45:00.000Z,2025-06-06T04:45:00.000Z
392,123e4567-e89b-12d3-a456-426614170076,77,44,"코코밥 저당 버전 꼭 먹어봐야겠어요!",2025-06-06T05:15:00.000Z,2025-06-06T05:15:00.000Z
393,123e4567-e89b-12d3-a456-426614170001,2,44,"어디서 파나요?",2025-06-06T05:30:00.000Z,2025-06-06T05:30:00.000Z
394,123e4567-e89b-12d3-a456-426614170015,16,44,"일반 코코밥과 맛 차이 많이 나나요?",2025-06-06T05:45:00.000Z,2025-06-06T05:45:00.000Z
395,123e4567-e89b-12d3-a456-426614170066,67,45,"단백질바 24g이나 들어있다니 대단하네요!",2025-06-06T06:15:00.000Z,2025-06-06T06:15:00.000Z
396,123e4567-e89b-12d3-a456-426614170001,2,45,"닥터유 제품 어디서 사나요?",2025-06-06T06:30:00.000Z,2025-06-06T06:30:00.000Z
397,123e4567-e89b-12d3-a456-426614170015,16,45,"가격은 어떻게 되나요?",2025-06-06T06:45:00.000Z,2025-06-06T06:45:00.000Z
398,123e4567-e89b-12d3-a456-426614170076,77,46,"더단백 초코맛 저도 먹어봤는데 정말 맛있어요!",2025-06-06T07:15:00.000Z,2025-06-06T07:15:00.000Z
399,123e4567-e89b-12d3-a456-426614170001,2,46,"편의점에서 파는 게 편리하죠",2025-06-06T07:30:00.000Z,2025-06-06T07:30:00.000Z
400,123e4567-e89b-12d3-a456-426614170015,16,46,"다른 맛도 있나요?",2025-06-06T07:45:00.000Z,2025-06-06T07:45:00.000Z
401,123e4567-e89b-12d3-a456-426614170013,14,47,"수영 완료 축하드려요!",2025-06-06T08:15:00.000Z,2025-06-06T08:15:00.000Z
402,123e4567-e89b-12d3-a456-426614170023,24,47,"수영장까지 가는게 힘들지만 그래도 뿌듯하죠",2025-06-06T08:30:00.000Z,2025-06-06T08:30:00.000Z
403,123e4567-e89b-12d3-a456-426614170033,34,47,"오수완 인증 멋져요!",2025-06-06T08:45:00.000Z,2025-06-06T08:45:00.000Z
404,123e4567-e89b-12d3-a456-426614170003,4,48,"오리발 시작하셨네요! 어떤가요?",2025-06-06T09:15:00.000Z,2025-06-06T09:15:00.000Z
405,123e4567-e89b-12d3-a456-426614170023,24,48,"수영 정말 재밌죠!",2025-06-06T09:30:00.000Z,2025-06-06T09:30:00.000Z
406,123e4567-e89b-12d3-a456-426614170033,34,48,"오리발 어떤 브랜드 사셨나요?",2025-06-06T09:45:00.000Z,2025-06-06T09:45:00.000Z
407,123e4567-e89b-12d3-a456-426614170003,4,49,"배영 어려우시죠? 화이팅!",2025-06-06T10:15:00.000Z,2025-06-06T10:15:00.000Z
408,123e4567-e89b-12d3-a456-426614170013,14,49,"성장기 응원합니다!",2025-06-06T10:30:00.000Z,2025-06-06T10:30:00.000Z
409,123e4567-e89b-12d3-a456-426614170033,34,49,"배영이 제일 어려운 것 같아요",2025-06-06T10:45:00.000Z,2025-06-06T10:45:00.000Z
410,123e4567-e89b-12d3-a456-426614170003,4,50,"8kg 감량 대단하세요!",2025-06-06T11:15:00.000Z,2025-06-06T11:15:00.000Z
411,123e4567-e89b-12d3-a456-426614170013,14,50,"수영 다이어트 효과 정말 좋군요",2025-06-06T11:30:00.000Z,2025-06-06T11:30:00.000Z
412,123e4567-e89b-12d3-a456-426614170023,24,50,"저도 수영으로 다이어트 해보고 싶어요",2025-06-06T11:45:00.000Z,2025-06-06T11:45:00.000Z
413,123e4567-e89b-12d3-a456-426614170003,4,51,"송파구 체육문화회관 가보고 싶어요",2025-06-06T12:15:00.000Z,2025-06-06T12:15:00.000Z
414,123e4567-e89b-12d3-a456-426614170013,14,51,"가격이 저렴하다니 좋네요",2025-06-06T12:30:00.000Z,2025-06-06T12:30:00.000Z
415,123e4567-e89b-12d3-a456-426614170023,24,51,"시설은 어떤가요?",2025-06-06T12:45:00.000Z,2025-06-06T12:45:00.000Z
416,123e4567-e89b-12d3-a456-426614170003,4,52,"멍멍이와 수영이라니 귀여워요!",2025-06-06T13:15:00.000Z,2025-06-06T13:15:00.000Z
417,123e4567-e89b-12d3-a456-426614170013,14,52,"강아지 수영장은 따로 있나요?",2025-06-06T13:30:00.000Z,2025-06-06T13:30:00.000Z
418,123e4567-e89b-12d3-a456-426614170023,24,52,"같이 수영하니 더 재밌겠어요",2025-06-06T13:45:00.000Z,2025-06-06T13:45:00.000Z
419,123e4567-e89b-12d3-a456-426614170029,30,53,"필라테스 첫 수업 고생하셨어요!",2025-06-06T14:15:00.000Z,2025-06-06T14:15:00.000Z
420,123e4567-e89b-12d3-a456-426614170039,40,53,"팔이 후들거리는거 저도 그래요 ㅠㅠ",2025-06-06T14:30:00.000Z,2025-06-06T14:30:00.000Z
421,123e4567-e89b-12d3-a456-426614170049,50,53,"생각보다 힘든 운동이죠",2025-06-06T14:45:00.000Z,2025-06-06T14:45:00.000Z
422,123e4567-e89b-12d3-a456-426614170007,8,54,"몸이 개운하다니 부럽네요!",2025-06-06T15:15:00.000Z,2025-06-06T15:15:00.000Z
423,123e4567-e89b-12d3-a456-426614170039,40,54,"필라테스 새로운 동작은 항상 어려워요",2025-06-06T15:30:00.000Z,2025-06-06T15:30:00.000Z
424,123e4567-e89b-12d3-a456-426614170049,50,54,"하고나면 정말 개운하죠!",2025-06-06T15:45:00.000Z,2025-06-06T15:45:00.000Z
425,123e4567-e89b-12d3-a456-426614170007,8,55,"남자분도 많이 하시는군요!",2025-06-06T16:15:00.000Z,2025-06-06T16:15:00.000Z
426,123e4567-e89b-12d3-a456-426614170029,30,55,"선생님이 꼼꼼하게 봐주시는군요!",2025-06-06T16:30:00.000Z,2025-06-06T16:30:00.000Z
427,123e4567-e89b-12d3-a456-426614170049,50,55,"그룹 수업도 좋을 것 같아요",2025-06-06T16:45:00.000Z,2025-06-06T16:45:00.000Z
428,123e4567-e89b-12d3-a456-426614170007,8,56,"소도구 수업 어떤가요?",2025-06-06T17:15:00.000Z,2025-06-06T17:15:00.000Z
429,123e4567-e89b-12d3-a456-426614170029,30,56,"작은거로 풀어주니까 더 시원하겠어요",2025-06-06T17:30:00.000Z,2025-06-06T17:30:00.000Z
430,123e4567-e89b-12d3-a456-426614170039,40,56,"소도구 종류가 많나요?",2025-06-06T17:45:00.000Z,2025-06-06T17:45:00.000Z
431,123e4567-e89b-12d3-a456-426614170007,8,57,"집에서 하는 것도 나쁘지 않죠!",2025-06-06T18:15:00.000Z,2025-06-06T18:15:00.000Z
432,123e4567-e89b-12d3-a456-426614170029,30,57,"확실히 가서해야 시원한 느낌이 있어요",2025-06-06T18:30:00.000Z,2025-06-06T18:30:00.000Z
433,123e4567-e89b-12d3-a456-426614170039,40,57,"영상 추천해주세요",2025-06-06T18:45:00.000Z,2025-06-06T18:45:00.000Z
434,123e4567-e89b-12d3-a456-426614170024,25,58,"조유리 몸매 정말 예쁘죠!",2025-06-06T19:15:00.000Z,2025-06-06T19:15:00.000Z
435,123e4567-e89b-12d3-a456-426614170034,35,58,"목표가 확실하시네요!",2025-06-06T19:30:00.000Z,2025-06-06T19:30:00.000Z
436,123e4567-e89b-12d3-a456-426614170054,55,58,"화이팅! 꼭 목표 달성하세요",2025-06-06T19:45:00.000Z,2025-06-06T19:45:00.000Z
437,123e4567-e89b-12d3-a456-426614170012,13,59,"바디프로필 준비 화이팅!",2025-06-06T20:15:00.000Z,2025-06-06T20:15:00.000Z
438,123e4567-e89b-12d3-a456-426614170034,35,59,"힘든 과정이지만 결과가 좋을 거예요",2025-06-06T20:30:00.000Z,2025-06-06T20:30:00.000Z
439,123e4567-e89b-12d3-a456-426614170054,55,59,"얼마나 준비하실 예정이에요?",2025-06-06T20:45:00.000Z,2025-06-06T20:45:00.000Z
440,123e4567-e89b-12d3-a456-426614170012,13,60,"촬영 완료 축하드려요!",2025-06-06T21:15:00.000Z,2025-06-06T21:15:00.000Z
441,123e4567-e89b-12d3-a456-426614170024,25,60,"결과물 언제 나오나요?",2025-06-06T21:30:00.000Z,2025-06-06T21:30:00.000Z
442,123e4567-e89b-12d3-a456-426614170054,55,60,"수고 많으셨어요!",2025-06-06T21:45:00.000Z,2025-06-06T21:45:00.000Z
443,123e4567-e89b-12d3-a456-426614170012,13,61,"바디프로필 식단 공유 감사해요!",2025-06-06T22:15:00.000Z,2025-06-06T22:15:00.000Z
444,123e4567-e89b-12d3-a456-426614170024,25,61,"따라해보고 싶어요",2025-06-06T22:30:00.000Z,2025-06-06T22:30:00.000Z
445,123e4567-e89b-12d3-a456-426614170034,35,61,"칼로리는 어떻게 되나요?",2025-06-06T22:45:00.000Z,2025-06-06T22:45:00.000Z
446,123e4567-e89b-12d3-a456-426614170012,13,62,"3분할 운동 루틴 좋을 것 같아요!",2025-06-06T23:15:00.000Z,2025-06-06T23:15:00.000Z
447,123e4567-e89b-12d3-a456-426614170024,25,62,"1시간이면 충분할 것 같아요",2025-06-06T23:30:00.000Z,2025-06-06T23:30:00.000Z
448,123e4567-e89b-12d3-a456-426614170034,35,62,"상체/하체/전신으로 나누는 건 어떨까요?",2025-06-06T23:45:00.000Z,2025-06-06T23:45:00.000Z
449,123e4567-e89b-12d3-a456-426614170031,32,63,"스트레칭 정말 중요하죠!",2025-06-07T00:15:00.000Z,2025-06-07T00:15:00.000Z
450,123e4567-e89b-12d3-a456-426614170041,42,63,"부상 예방에 정말 도움되죠",2025-06-07T00:30:00.000Z,2025-06-07T00:30:00.000Z
451,123e4567-e89b-12d3-a456-426614170051,52,63,"한 번 다치면 정말 후회하게 되죠",2025-06-07T00:45:00.000Z,2025-06-07T00:45:00.000Z
452,123e4567-e89b-12d3-a456-426614170009,10,64,"나이가 들수록 더 필요한 것 같아요",2025-06-07T01:15:00.000Z,2025-06-07T01:15:00.000Z
453,123e4567-e89b-12d3-a456-426614170041,42,64,"거북목 예방 스트레칭 알려주세요",2025-06-07T01:30:00.000Z,2025-06-07T01:30:00.000Z
454,123e4567-e89b-12d3-a456-426614170051,52,64,"라운드숄더 교정 방법 궁금해요",2025-06-07T01:45:00.000Z,2025-06-07T01:45:00.000Z
265,123e4567-e89b-12d3-a456-426614170038,39,23,"배드민턴 대회 화이팅!",2025-06-05T08:15:00.000Z,2025-06-05T08:15:00.000Z
266,123e4567-e89b-12d3-a456-426614170048,49,23,"대회 준비 얼마나 하셨어요?",2025-06-05T08:30:00.000Z,2025-06-05T08:30:00.000Z
267,123e4567-e89b-12d3-a456-426614170068,69,23,"열심히 연습하는 모습 보기 좋아요",2025-06-05T08:45:00.000Z,2025-06-05T08:45:00.000Z
268,123e4567-e89b-12d3-a456-426614170078,79,23,"좋은 결과 꼭 나올 거예요!",2025-06-05T09:00:00.000Z,2025-06-05T09:00:00.000Z
269,123e4567-e89b-12d3-a456-426614170001,2,23,"배드민턴 어려운 운동인가요?",2025-06-05T09:15:00.000Z,2025-06-05T09:15:00.000Z
270,123e4567-e89b-12d3-a456-426614170015,16,23,"언제 대회인가요?",2025-06-05T09:30:00.000Z,2025-06-05T09:30:00.000Z
271,123e4567-e89b-12d3-a456-426614170029,30,23,"배드민턴 시작한지 얼마나 되셨어요?",2025-06-05T09:45:00.000Z,2025-06-05T09:45:00.000Z
272,123e4567-e89b-12d3-a456-426614170043,44,23,"라켓 추천해주세요",2025-06-05T10:00:00.000Z,2025-06-05T10:00:00.000Z
273,123e4567-e89b-12d3-a456-426614170057,58,23,"연습 얼마나 자주 하세요?",2025-06-05T10:15:00.000Z,2025-06-05T10:15:00.000Z
274,123e4567-e89b-12d3-a456-426614170071,72,23,"실력 향상 팁 있나요?",2025-06-05T10:30:00.000Z,2025-06-05T10:30:00.000Z
275,123e4567-e89b-12d3-a456-426614170085,86,23,"대회 경험 많이 있으신가요?",2025-06-05T10:45:00.000Z,2025-06-05T10:45:00.000Z
276,123e4567-e89b-12d3-a456-426614170099,99,23,"결과 나오면 꼭 알려주세요!",2025-06-05T11:00:00.000Z,2025-06-05T11:00:00.000Z
277,123e4567-e89b-12d3-a456-426614170008,9,24,"스매시 잘 들어갔다니 부럽네요!",2025-06-05T09:15:00.000Z,2025-06-05T09:15:00.000Z
278,123e4567-e89b-12d3-a456-426614170048,49,24,"배드민턴 연습 얼마나 하셨어요?",2025-06-05T09:30:00.000Z,2025-06-05T09:30:00.000Z
279,123e4567-e89b-12d3-a456-426614170068,69,24,"스매시 잘 치는 비결 있나요?",2025-06-05T09:45:00.000Z,2025-06-05T09:45:00.000Z
280,123e4567-e89b-12d3-a456-426614170078,79,24,"저도 스매시 연습 중이에요",2025-06-05T10:00:00.000Z,2025-06-05T10:00:00.000Z
281,123e4567-e89b-12d3-a456-426614170001,2,24,"배드민턴 어려운 운동인가요?",2025-06-05T10:15:00.000Z,2025-06-05T10:15:00.000Z
282,123e4567-e89b-12d3-a456-426614170015,16,24,"실력이 늘고 있나요?",2025-06-05T10:30:00.000Z,2025-06-05T10:30:00.000Z
3,123e4567-e89b-12d3-a456-426614170035,36,1,"홈트 30일 도전 응원합니다! 화이팅!",2025-06-04T10:45:00.000Z,2025-06-04T10:45:00.000Z
4,123e4567-e89b-12d3-a456-426614170049,50,1,"집에서 하니까 시간도 절약되고 좋죠 ㅎㅎ",2025-06-04T11:00:00.000Z,2025-06-04T11:00:00.000Z
5,123e4567-e89b-12d3-a456-426614170063,64,1,"유튜브 보면서 따라하는데 정말 힘들어요 ㅠㅠ",2025-06-04T11:15:00.000Z,2025-06-04T11:15:00.000Z
6,123e4567-e89b-12d3-a456-426614170077,78,1,"저도 매일 하고 있는데 벌써 몸에 변화가 느껴져요",2025-06-04T11:30:00.000Z,2025-06-04T11:30:00.000Z
7,123e4567-e89b-12d3-a456-426614170091,92,1,"홈트 루틴 공유해주시면 감사하겠어요!",2025-06-04T11:45:00.000Z,2025-06-04T11:45:00.000Z
8,123e4567-e89b-12d3-a456-426614170001,2,1,"코로나 때문에 집에서만 운동하는데 이것도 나쁘지 않네요",2025-06-04T12:00:00.000Z,2025-06-04T12:00:00.000Z
9,123e4567-e89b-12d3-a456-426614170015,16,1,"헬스장 가기 귀찮을 때 홈트가 최고죠",2025-06-04T12:15:00.000Z,2025-06-04T12:15:00.000Z
10,123e4567-e89b-12d3-a456-426614170029,30,1,"30일 완주하시면 후기 꼭 올려주세요!",2025-06-04T12:30:00.000Z,2025-06-04T12:30:00.000Z
11,123e4567-e89b-12d3-a456-426614170043,44,1,"저는 3일만에 포기했는데... 대단하세요",2025-06-04T12:45:00.000Z,2025-06-04T12:45:00.000Z
12,123e4567-e89b-12d3-a456-426614170057,58,1,"홈트도 꾸준히 하면 효과 있나요?",2025-06-04T13:00:00.000Z,2025-06-04T13:00:00.000Z
13,123e4567-e89b-12d3-a456-426614170071,72,2,"운동 초보인데 홈트로 시작하는게 맞을까요?",2025-06-04T11:15:00.000Z,2025-06-04T11:15:00.000Z
14,123e4567-e89b-12d3-a456-426614170085,86,2,"매일 하기보다는 격일로 하는게 좋지 않나요?",2025-06-04T11:30:00.000Z,2025-06-04T11:30:00.000Z
15,123e4567-e89b-12d3-a456-426614170099,99,2,"홈트 할 때 매트는 꼭 필요한가요?",2025-06-04T11:45:00.000Z,2025-06-04T11:45:00.000Z
16,123e4567-e89b-12d3-a456-426614170003,4,2,"홈트 진짜 힘들지만 효과는 좋더라구요!",2025-06-04T12:00:00.000Z,2025-06-04T12:00:00.000Z
17,123e4567-e89b-12d3-a456-426614170017,18,2,"저도 홈트 시작해볼까 해요!",2025-06-04T12:15:00.000Z,2025-06-04T12:15:00.000Z
18,123e4567-e89b-12d3-a456-426614170031,32,2,"홈트 30일 도전 응원합니다!",2025-06-04T12:30:00.000Z,2025-06-04T12:30:00.000Z
19,123e4567-e89b-12d3-a456-426614170045,46,2,"집에서 하니까 시간도 절약되고 좋죠",2025-06-04T12:45:00.000Z,2025-06-04T12:45:00.000Z
20,123e4567-e89b-12d3-a456-426614170059,60,2,"유튜브 보면서 따라하는데 정말 힘들어요",2025-06-04T13:00:00.000Z,2025-06-04T13:00:00.000Z
21,123e4567-e89b-12d3-a456-426614170073,74,2,"저도 매일 하고 있는데 벌써 몸에 변화가 느껴져요",2025-06-04T13:15:00.000Z,2025-06-04T13:15:00.000Z
22,123e4567-e89b-12d3-a456-426614170087,88,2,"홈트 루틴 공유해주시면 감사하겠어요!",2025-06-04T13:30:00.000Z,2025-06-04T13:30:00.000Z
23,123e4567-e89b-12d3-a456-426614170001,2,2,"코로나 때문에 집에서만 운동하는데 좋네요",2025-06-04T13:45:00.000Z,2025-06-04T13:45:00.000Z
24,123e4567-e89b-12d3-a456-426614170015,16,2,"헬스장 가기 귀찮을 때 홈트가 최고죠",2025-06-04T14:00:00.000Z,2025-06-04T14:00:00.000Z
25,123e4567-e89b-12d3-a456-426614170029,30,3,"운동 초보인데 홈트로 시작하는게 맞을까요?",2025-06-04T12:15:00.000Z,2025-06-04T12:15:00.000Z
26,123e4567-e89b-12d3-a456-426614170043,44,3,"매일 하기보다는 격일로 하는게 좋지 않나요?",2025-06-04T12:30:00.000Z,2025-06-04T12:30:00.000Z
27,123e4567-e89b-12d3-a456-426614170057,58,3,"홈트 할 때 매트는 꼭 필요한가요?",2025-06-04T12:45:00.000Z,2025-06-04T12:45:00.000Z
28,123e4567-e89b-12d3-a456-426614170071,72,3,"홈트 진짜 힘들지만 효과는 좋더라구요!",2025-06-04T13:00:00.000Z,2025-06-04T13:00:00.000Z
29,123e4567-e89b-12d3-a456-426614170085,86,3,"저도 홈트 시작해볼까 해요!",2025-06-04T13:15:00.000Z,2025-06-04T13:15:00.000Z
30,123e4567-e89b-12d3-a456-426614170099,99,3,"홈트 30일 도전 응원합니다!",2025-06-04T13:30:00.000Z,2025-06-04T13:30:00.000Z
31,123e4567-e89b-12d3-a456-426614170007,8,3,"집에서 하니까 시간도 절약되고 좋죠",2025-06-04T13:45:00.000Z,2025-06-04T13:45:00.000Z
32,123e4567-e89b-12d3-a456-426614170021,22,3,"유튜브 보면서 따라하는데 정말 힘들어요",2025-06-04T14:00:00.000Z,2025-06-04T14:00:00.000Z
33,123e4567-e89b-12d3-a456-426614170035,36,3,"저도 매일 하고 있는데 벌써 몸에 변화가 느껴져요",2025-06-04T14:15:00.000Z,2025-06-04T14:15:00.000Z
34,123e4567-e89b-12d3-a456-426614170049,50,3,"홈트 루틴 공유해주시면 감사하겠어요!",2025-06-04T14:30:00.000Z,2025-06-04T14:30:00.000Z
35,123e4567-e89b-12d3-a456-426614170063,64,3,"코로나 때문에 집에서만 운동하는데 좋네요",2025-06-04T14:45:00.000Z,2025-06-04T14:45:00.000Z
36,123e4567-e89b-12d3-a456-426614170077,78,3,"헬스장 가기 귀찮을 때 홈트가 최고죠",2025-06-04T15:00:00.000Z,2025-06-04T15:00:00.000Z
37,123e4567-e89b-12d3-a456-426614170001,2,4,"홈트로 체력 키우기 좋죠!",2025-06-04T13:15:00.000Z,2025-06-04T13:15:00.000Z
38,123e4567-e89b-12d3-a456-426614170015,16,4,"저도 홈트 시작해볼까 해요!",2025-06-04T13:30:00.000Z,2025-06-04T13:30:00.000Z
39,123e4567-e89b-12d3-a456-426614170029,30,4,"홈트 30일 도전 응원합니다!",2025-06-04T13:45:00.000Z,2025-06-04T13:45:00.000Z
40,123e4567-e89b-12d3-a456-426614170043,44,4,"집에서 하니까 시간도 절약되고 좋죠",2025-06-04T14:00:00.000Z,2025-06-04T14:00:00.000Z
41,123e4567-e89b-12d3-a456-426614170057,58,4,"유튜브 보면서 따라하는데 정말 힘들어요",2025-06-04T14:15:00.000Z,2025-06-04T14:15:00.000Z
42,123e4567-e89b-12d3-a456-426614170071,72,4,"저도 매일 하고 있는데 벌써 몸에 변화가 느껴져요",2025-06-04T14:30:00.000Z,2025-06-04T14:30:00.000Z
43,123e4567-e89b-12d3-a456-426614170085,86,4,"홈트 루틴 공유해주시면 감사하겠어요!",2025-06-04T14:45:00.000Z,2025-06-04T14:45:00.000Z
44,123e4567-e89b-12d3-a456-426614170099,99,4,"코로나 때문에 집에서만 운동하는데 좋네요",2025-06-04T15:00:00.000Z,2025-06-04T15:00:00.000Z
45,123e4567-e89b-12d3-a456-426614170007,8,4,"헬스장 가기 귀찮을 때 홈트가 최고죠",2025-06-04T15:15:00.000Z,2025-06-04T15:15:00.000Z
46,123e4567-e89b-12d3-a456-426614170021,22,4,"30일 완주하시면 후기 꼭 올려주세요!",2025-06-04T15:30:00.000Z,2025-06-04T15:30:00.000Z
47,123e4567-e89b-12d3-a456-426614170035,36,4,"저는 3일만에 포기했는데... 대단하세요",2025-06-04T15:45:00.000Z,2025-06-04T15:45:00.000Z
48,123e4567-e89b-12d3-a456-426614170049,50,4,"홈트도 꾸준히 하면 효과 있나요?",2025-06-04T16:00:00.000Z,2025-06-04T16:00:00.000Z
49,123e4567-e89b-12d3-a456-426614170001,2,5,"홈트 인증샷 멋져요!",2025-06-04T14:15:00.000Z,2025-06-04T14:15:00.000Z
50,123e4567-e89b-12d3-a456-426614170015,16,5,"저도 홈트 시작해볼까 해요!",2025-06-04T14:30:00.000Z,2025-06-04T14:30:00.000Z
51,123e4567-e89b-12d3-a456-426614170029,30,5,"매일 꾸준히 하는게 정말 어려워요",2025-06-04T14:45:00.000Z,2025-06-04T14:45:00.000Z
52,123e4567-e89b-12d3-a456-426614170043,44,5,"집에서 하니까 시간도 절약되고 좋죠",2025-06-04T15:00:00.000Z,2025-06-04T15:00:00.000Z
53,123e4567-e89b-12d3-a456-426614170057,58,5,"유튜브 보면서 따라하는데 정말 힘들어요",2025-06-04T15:15:00.000Z,2025-06-04T15:15:00.000Z
54,123e4567-e89b-12d3-a456-426614170071,72,5,"저도 매일 하고 있는데 벌써 몸에 변화가 느껴져요",2025-06-04T15:30:00.000Z,2025-06-04T15:30:00.000Z
55,123e4567-e89b-12d3-a456-426614170085,86,5,"홈트 루틴 공유해주시면 감사하겠어요!",2025-06-04T15:45:00.000Z,2025-06-04T15:45:00.000Z
56,123e4567-e89b-12d3-a456-426614170099,99,5,"코로나 때문에 집에서만 운동하는데 좋네요",2025-06-04T16:00:00.000Z,2025-06-04T16:00:00.000Z
57,123e4567-e89b-12d3-a456-426614170007,8,5,"헬스장 가기 귀찮을 때 홈트가 최고죠",2025-06-04T16:15:00.000Z,2025-06-04T16:15:00.000Z
58,123e4567-e89b-12d3-a456-426614170021,22,5,"30일 완주하시면 후기 꼭 올려주세요!",2025-06-04T16:30:00.000Z,2025-06-04T16:30:00.000Z
59,123e4567-e89b-12d3-a456-426614170035,36,5,"저는 3일만에 포기했는데... 대단하세요",2025-06-04T16:45:00.000Z,2025-06-04T16:45:00.000Z
60,123e4567-e89b-12d3-a456-426614170049,50,5,"홈트도 꾸준히 하면 효과 있나요?",2025-06-04T17:00:00.000Z,2025-06-04T17:00:00.000Z
61,123e4567-e89b-12d3-a456-426614170004,5,6,"헬스장 분위기 좋아보이네요! 어디 헬스장인가요?",2025-06-04T15:15:00.000Z,2025-06-04T15:15:00.000Z
62,123e4567-e89b-12d3-a456-426614170018,19,6,"저도 이제 막 시작했는데 조언 부탁드려요",2025-06-04T15:30:00.000Z,2025-06-04T15:30:00.000Z
63,123e4567-e89b-12d3-a456-426614170032,33,6,"웨이트 할 때 자세가 제일 중요하죠",2025-06-04T15:45:00.000Z,2025-06-04T15:45:00.000Z
64,123e4567-e89b-12d3-a456-426614170046,47,6,"초보자는 무게보다 자세가 우선이에요",2025-06-04T16:00:00.000Z,2025-06-04T16:00:00.000Z
65,123e4567-e89b-12d3-a456-426614170060,61,6,"PT 받으시는게 좋을 것 같아요",2025-06-04T16:15:00.000Z,2025-06-04T16:15:00.000Z
66,123e4567-e89b-12d3-a456-426614170074,75,6,"헬스장 등록 축하드려요! 화이팅!",2025-06-04T16:30:00.000Z,2025-06-04T16:30:00.000Z
67,123e4567-e89b-12d3-a456-426614170088,89,6,"새로 생긴 헬스장이라니 부럽네요",2025-06-04T16:45:00.000Z,2025-06-04T16:45:00.000Z
68,123e4567-e89b-12d3-a456-426614170002,3,6,"운동 계획은 어떻게 세우셨나요?",2025-06-04T17:00:00.000Z,2025-06-04T17:00:00.000Z
69,123e4567-e89b-12d3-a456-426614170016,17,6,"헬스장 시설 어떤가요?",2025-06-04T17:15:00.000Z,2025-06-04T17:15:00.000Z
70,123e4567-e89b-12d3-a456-426614170030,31,6,"등록비 얼마 정도 하나요?",2025-06-04T17:30:00.000Z,2025-06-04T17:30:00.000Z
71,123e4567-e89b-12d3-a456-426614170044,45,6,"운동복도 새로 사셨나요?",2025-06-04T17:45:00.000Z,2025-06-04T17:45:00.000Z
72,123e4567-e89b-12d3-a456-426614170058,59,6,"첫날부터 열심히 하시네요!",2025-06-04T18:00:00.000Z,2025-06-04T18:00:00.000Z
73,123e4567-e89b-12d3-a456-426614170001,2,7,"하체 운동 루틴 공유해주실 수 있나요?",2025-06-04T16:15:00.000Z,2025-06-04T16:15:00.000Z
74,123e4567-e89b-12d3-a456-426614170015,16,7,"웨이트 트레이닝 어려워요 ㅠㅠ",2025-06-04T16:30:00.000Z,2025-06-04T16:30:00.000Z
75,123e4567-e89b-12d3-a456-426614170029,30,7,"저도 하체 운동 추천받고 싶어요",2025-06-04T16:45:00.000Z,2025-06-04T16:45:00.000Z
76,123e4567-e89b-12d3-a456-426614170043,44,7,"웨이트 할 때 자세가 제일 중요하죠",2025-06-04T17:00:00.000Z,2025-06-04T17:00:00.000Z
77,123e4567-e89b-12d3-a456-426614170057,58,7,"초보자는 무게보다 자세가 우선이에요",2025-06-04T17:15:00.000Z,2025-06-04T17:15:00.000Z
78,123e4567-e89b-12d3-a456-426614170071,72,7,"PT 받으시는게 좋을 것 같아요",2025-06-04T17:30:00.000Z,2025-06-04T17:30:00.000Z
79,123e4567-e89b-12d3-a456-426614170085,86,7,"스쿼트 몇 개까지 할 수 있으세요?",2025-06-04T17:45:00.000Z,2025-06-04T17:45:00.000Z
80,123e4567-e89b-12d3-a456-426614170099,99,7,"하체 운동 후 근육통이 심해요",2025-06-04T18:00:00.000Z,2025-06-04T18:00:00.000Z
81,123e4567-e89b-12d3-a456-426614170007,8,7,"웨이트 시작한지 얼마나 되셨어요?",2025-06-04T18:15:00.000Z,2025-06-04T18:15:00.000Z
82,123e4567-e89b-12d3-a456-426614170021,22,7,"근육통 완화하는 방법 있을까요?",2025-06-04T18:30:00.000Z,2025-06-04T18:30:00.000Z
83,123e4567-e89b-12d3-a456-426614170035,36,7,"프로틴 드시나요? 효과 있나요?",2025-06-04T18:45:00.000Z,2025-06-04T18:45:00.000Z
84,123e4567-e89b-12d3-a456-426614170049,50,7,"하체 운동 루틴 꼭 알려주세요!",2025-06-04T19:00:00.000Z,2025-06-04T19:00:00.000Z
85,123e4567-e89b-12d3-a456-426614170001,2,8,"랫풀다운 자세 정말 어려워요 ㅠㅠ",2025-06-04T17:15:00.000Z,2025-06-04T17:15:00.000Z
86,123e4567-e89b-12d3-a456-426614170015,16,8,"저도 랫풀다운 배우고 싶어요",2025-06-04T17:30:00.000Z,2025-06-04T17:30:00.000Z
87,123e4567-e89b-12d3-a456-426614170029,30,8,"헬스 고수분들 조언 부탁드려요",2025-06-04T17:45:00.000Z,2025-06-04T17:45:00.000Z
88,123e4567-e89b-12d3-a456-426614170043,44,8,"등 운동이 제일 어려운 것 같아요",2025-06-04T18:00:00.000Z,2025-06-04T18:00:00.000Z
89,123e4567-e89b-12d3-a456-426614170057,58,8,"PT 받으시는게 좋을 것 같아요",2025-06-04T18:15:00.000Z,2025-06-04T18:15:00.000Z
90,123e4567-e89b-12d3-a456-426614170071,72,8,"랫풀다운 영상 찾아보세요",2025-06-04T18:30:00.000Z,2025-06-04T18:30:00.000Z
91,123e4567-e89b-12d3-a456-426614170085,86,8,"자세가 정말 중요하죠",2025-06-04T18:45:00.000Z,2025-06-04T18:45:00.000Z
92,123e4567-e89b-12d3-a456-426614170099,99,8,"어깨 내려주는게 포인트에요",2025-06-04T19:00:00.000Z,2025-06-04T19:00:00.000Z
93,123e4567-e89b-12d3-a456-426614170007,8,8,"처음엔 가벼운 무게로 시작하세요",2025-06-04T19:15:00.000Z,2025-06-04T19:15:00.000Z
94,123e4567-e89b-12d3-a456-426614170021,22,8,"등 근육 발달에 좋은 운동이에요",2025-06-04T19:30:00.000Z,2025-06-04T19:30:00.000Z
95,123e4567-e89b-12d3-a456-426614170035,36,8,"천천히 하는게 중요해요",2025-06-04T19:45:00.000Z,2025-06-04T19:45:00.000Z
96,123e4567-e89b-12d3-a456-426614170049,50,8,"근력이 늘면 자세도 좋아져요",2025-06-04T20:00:00.000Z,2025-06-04T20:00:00.000Z
97,123e4567-e89b-12d3-a456-426614170001,2,9,"그립 어떤 브랜드 쓰시나요?",2025-06-04T18:15:00.000Z,2025-06-04T18:15:00.000Z
98,123e4567-e89b-12d3-a456-426614170015,16,9,"운동 장비 중요하죠!",2025-06-04T18:30:00.000Z,2025-06-04T18:30:00.000Z
99,123e4567-e89b-12d3-a456-426614170029,30,9,"그립 추천해주세요!",2025-06-04T18:45:00.000Z,2025-06-04T18:45:00.000Z
100,123e4567-e89b-12d3-a456-426614170043,44,9,"역시 운동은 장비빨이죠!",2025-06-04T19:00:00.000Z,2025-06-04T19:00:00.000Z
101,123e4567-e89b-12d3-a456-426614170057,58,9,"어떤 운동할 때 쓰시나요?",2025-06-04T19:15:00.000Z,2025-06-04T19:15:00.000Z
102,123e4567-e89b-12d3-a456-426614170071,72,9,"그립 사용법 알려주세요",2025-06-04T19:30:00.000Z,2025-06-04T19:30:00.000Z
103,123e4567-e89b-12d3-a456-426614170085,86,9,"가격대가 어떻게 되나요?",2025-06-04T19:45:00.000Z,2025-06-04T19:45:00.000Z
104,123e4567-e89b-12d3-a456-426614170099,99,9,"손목 보호에 도움되나요?",2025-06-04T20:00:00.000Z,2025-06-04T20:00:00.000Z
105,123e4567-e89b-12d3-a456-426614170007,8,9,"데드리프트할 때 좋을 것 같아요",2025-06-04T20:15:00.000Z,2025-06-04T20:15:00.000Z
106,123e4567-e89b-12d3-a456-426614170021,22,9,"오래 사용할 수 있나요?",2025-06-04T20:30:00.000Z,2025-06-04T20:30:00.000Z
107,123e4567-e89b-12d3-a456-426614170035,36,9,"온라인으로 사셨나요?",2025-06-04T20:45:00.000Z,2025-06-04T20:45:00.000Z
108,123e4567-e89b-12d3-a456-426614170049,50,9,"턱걸이할 때도 쓸 수 있나요?",2025-06-04T21:00:00.000Z,2025-06-04T21:00:00.000Z
109,123e4567-e89b-12d3-a456-426614170001,2,10,"턱걸이 몇 개까지 할 수 있으세요?",2025-06-04T19:15:00.000Z,2025-06-04T19:15:00.000Z
110,123e4567-e89b-12d3-a456-426614170015,16,10,"오운완 인증 멋져요!",2025-06-04T19:30:00.000Z,2025-06-04T19:30:00.000Z
111,123e4567-e89b-12d3-a456-426614170029,30,10,"저도 턱걸이 연습 중이에요",2025-06-04T19:45:00.000Z,2025-06-04T19:45:00.000Z
112,123e4567-e89b-12d3-a456-426614170043,44,10,"매일 하시는거 대단해요!",2025-06-04T20:00:00.000Z,2025-06-04T20:00:00.000Z
113,123e4567-e89b-12d3-a456-426614170057,58,10,"턱걸이 자세 알려주세요",2025-06-04T20:15:00.000Z,2025-06-04T20:15:00.000Z
114,123e4567-e89b-12d3-a456-426614170071,72,10,"컨디션에 따라 다르죠",2025-06-04T20:30:00.000Z,2025-06-04T20:30:00.000Z
115,123e4567-e89b-12d3-a456-426614170085,86,10,"꾸준히 하는게 중요해요",2025-06-04T20:45:00.000Z,2025-06-04T20:45:00.000Z
116,123e4567-e89b-12d3-a456-426614170099,99,10,"상체 근력 늘려야겠어요",2025-06-04T21:00:00.000Z,2025-06-04T21:00:00.000Z
117,123e4567-e89b-12d3-a456-426614170007,8,10,"어떤 그립으로 하세요?",2025-06-04T21:15:00.000Z,2025-06-04T21:15:00.000Z
118,123e4567-e89b-12d3-a456-426614170021,22,10,"보조 밴드 쓰는 것도 좋아요",2025-06-04T21:30:00.000Z,2025-06-04T21:30:00.000Z
119,123e4567-e89b-12d3-a456-426614170035,36,10,"점진적으로 늘려가세요",2025-06-04T21:45:00.000Z,2025-06-04T21:45:00.000Z
120,123e4567-e89b-12d3-a456-426614170049,50,10,"내일은 더 잘될 거예요!",2025-06-04T22:00:00.000Z,2025-06-04T22:00:00.000Z
121,123e4567-e89b-12d3-a456-426614170016,17,11,"드디어 성공하셨네요! 축하드려요",2025-06-04T20:15:00.000Z,2025-06-04T20:15:00.000Z
122,123e4567-e89b-12d3-a456-426614170030,31,11,"요가 자세 정말 어려워 보이네요!",2025-06-04T20:30:00.000Z,2025-06-04T20:30:00.000Z
123,123e4567-e89b-12d3-a456-426614170044,45,11,"저는 아직 손끝도 안 닿아요 ㅠㅠ",2025-06-04T20:45:00.000Z,2025-06-04T20:45:00.000Z
124,123e4567-e89b-12d3-a456-426614170058,59,11,"얼마나 연습하셨길래 저렇게 되나요?",2025-06-04T21:00:00.000Z,2025-06-04T21:00:00.000Z
125,123e4567-e89b-12d3-a456-426614170072,73,11,"유연성이 정말 중요한 것 같아요",2025-06-04T21:15:00.000Z,2025-06-04T21:15:00.000Z
126,123e4567-e89b-12d3-a456-426614170086,87,11,"요가매트 추천해주실 수 있나요?",2025-06-04T21:30:00.000Z,2025-06-04T21:30:00.000Z
127,123e4567-e89b-12d3-a456-426614170000,1,11,"저도 요가 배우고 싶은데 어디서 시작해야 할까요?",2025-06-04T21:45:00.000Z,2025-06-04T21:45:00.000Z
128,123e4567-e89b-12d3-a456-426614170014,15,11,"레전드 기록 달성 정말 축하해요!",2025-06-04T22:00:00.000Z,2025-06-04T22:00:00.000Z
129,123e4567-e89b-12d3-a456-426614170028,29,11,"요가 할 때 호흡법이 중요하다던데",2025-06-04T22:15:00.000Z,2025-06-04T22:15:00.000Z
130,123e4567-e89b-12d3-a456-426614170042,43,11,"몸이 굳어서 요가 할 수 있을까요?",2025-06-04T22:30:00.000Z,2025-06-04T22:30:00.000Z
131,123e4567-e89b-12d3-a456-426614170056,57,11,"온라인 클래스 추천해주세요",2025-06-04T22:45:00.000Z,2025-06-04T22:45:00.000Z
132,123e4567-e89b-12d3-a456-426614170070,71,11,"요가 다이어트 효과도 있나요?",2025-06-04T23:00:00.000Z,2025-06-04T23:00:00.000Z
133,123e4567-e89b-12d3-a456-426614170001,2,12,"야외에서 하니까 더 기분 좋을 것 같아요",2025-06-04T21:15:00.000Z,2025-06-04T21:15:00.000Z
134,123e4567-e89b-12d3-a456-426614170015,16,12,"하늘을 보며 요가하니 힐링되겠어요",2025-06-04T21:30:00.000Z,2025-06-04T21:30:00.000Z
135,123e4567-e89b-12d3-a456-426614170029,30,12,"야외 요가 어떤 매트 사용하세요?",2025-06-04T21:45:00.000Z,2025-06-04T21:45:00.000Z
136,123e4567-e89b-12d3-a456-426614170043,44,12,"날씨 좋을 때 하면 정말 좋겠어요",2025-06-04T22:00:00.000Z,2025-06-04T22:00:00.000Z
137,123e4567-e89b-12d3-a456-426614170057,58,12,"어디서 하신거에요? 경치 좋네요",2025-06-04T22:15:00.000Z,2025-06-04T22:15:00.000Z
138,123e4567-e89b-12d3-a456-426614170071,72,12,"요가 자세 정말 예뻐요",2025-06-04T22:30:00.000Z,2025-06-04T22:30:00.000Z
139,123e4567-e89b-12d3-a456-426614170085,86,12,"저도 야외에서 해보고 싶어요",2025-06-04T22:45:00.000Z,2025-06-04T22:45:00.000Z
140,123e4567-e89b-12d3-a456-426614170099,99,12,"유연성이 정말 좋으시네요",2025-06-04T23:00:00.000Z,2025-06-04T23:00:00.000Z
141,123e4567-e89b-12d3-a456-426614170007,8,12,"요가 할 때 호흡법이 중요하다던데",2025-06-04T23:15:00.000Z,2025-06-04T23:15:00.000Z
142,123e4567-e89b-12d3-a456-426614170021,22,12,"몸이 굳어서 요가 할 수 있을까요?",2025-06-04T23:30:00.000Z,2025-06-04T23:30:00.000Z
143,123e4567-e89b-12d3-a456-426614170035,36,12,"온라인 클래스 추천해주세요",2025-06-04T23:45:00.000Z,2025-06-04T23:45:00.000Z
144,123e4567-e89b-12d3-a456-426614170049,50,12,"요가 다이어트 효과도 있나요?",2025-06-05T00:00:00.000Z,2025-06-05T00:00:00.000Z
145,123e4567-e89b-12d3-a456-426614170001,2,13,"등산하면서 요가라니 위험하지 않나요?",2025-06-04T22:15:00.000Z,2025-06-04T22:15:00.000Z
146,123e4567-e89b-12d3-a456-426614170015,16,13,"스릴을 즐기시는군요! 멋져요",2025-06-04T22:30:00.000Z,2025-06-04T22:30:00.000Z
147,123e4567-e89b-12d3-a456-426614170029,30,13,"정상에서 하는 요가 특별할 것 같아요",2025-06-04T22:45:00.000Z,2025-06-04T22:45:00.000Z
148,123e4567-e89b-12d3-a456-426614170043,44,13,"경치가 정말 좋네요!",2025-06-04T23:00:00.000Z,2025-06-04T23:00:00.000Z
149,123e4567-e89b-12d3-a456-426614170057,58,13,"안전에 주의하세요!",2025-06-04T23:15:00.000Z,2025-06-04T23:15:00.000Z
150,123e4567-e89b-12d3-a456-426614170071,72,13,"산에서 하는 요가 어떤 기분인가요?",2025-06-04T23:30:00.000Z,2025-06-04T23:30:00.000Z
151,123e4567-e89b-12d3-a456-426614170085,86,13,"요가 자세 정말 어려워 보이네요!",2025-06-04T23:45:00.000Z,2025-06-04T23:45:00.000Z
152,123e4567-e89b-12d3-a456-426614170099,99,13,"저도 도전해보고 싶어요",2025-06-05T00:00:00.000Z,2025-06-05T00:00:00.000Z
153,123e4567-e89b-12d3-a456-426614170007,8,13,"등산과 요가 조합 좋네요",2025-06-05T00:15:00.000Z,2025-06-05T00:15:00.000Z
154,123e4567-e89b-12d3-a456-426614170021,22,13,"유연성이 정말 좋으시네요",2025-06-05T00:30:00.000Z,2025-06-05T00:30:00.000Z
155,123e4567-e89b-12d3-a456-426614170035,36,13,"균형감각도 좋으시는 것 같아요",2025-06-05T00:45:00.000Z,2025-06-05T00:45:00.000Z
156,123e4567-e89b-12d3-a456-426614170049,50,13,"멋진 사진이네요!",2025-06-05T01:00:00.000Z,2025-06-05T01:00:00.000Z
157,123e4567-e89b-12d3-a456-426614170001,2,14,"뼈소리 나는건 괜찮은건가요?",2025-06-04T23:15:00.000Z,2025-06-04T23:15:00.000Z
158,123e4567-e89b-12d3-a456-426614170015,16,14,"자세 정말 완벽해 보이네요!",2025-06-04T23:30:00.000Z,2025-06-04T23:30:00.000Z
159,123e4567-e89b-12d3-a456-426614170029,30,14,"요가 자세 어떻게 배우셨어요?",2025-06-04T23:45:00.000Z,2025-06-04T23:45:00.000Z
160,123e4567-e89b-12d3-a456-426614170043,44,14,"기분 좋다니 부럽네요!",2025-06-05T00:00:00.000Z,2025-06-05T00:00:00.000Z
161,123e4567-e89b-12d3-a456-426614170057,58,14,"몸이 유연하시네요",2025-06-05T00:15:00.000Z,2025-06-05T00:15:00.000Z
162,123e4567-e89b-12d3-a456-426614170071,72,14,"뼈소리 날 때까지 하는게 맞나요?",2025-06-05T00:30:00.000Z,2025-06-05T00:30:00.000Z
163,123e4567-e89b-12d3-a456-426614170085,86,14,"요가 레슨 받으시나요?",2025-06-05T00:45:00.000Z,2025-06-05T00:45:00.000Z
164,123e4567-e89b-12d3-a456-426614170099,99,14,"저도 이 자세 배우고 싶어요",2025-06-05T01:00:00.000Z,2025-06-05T01:00:00.000Z
165,123e4567-e89b-12d3-a456-426614170007,8,14,"요가 매트 추천해주세요",2025-06-05T01:15:00.000Z,2025-06-05T01:15:00.000Z
166,123e4567-e89b-12d3-a456-426614170021,22,14,"얼마나 연습하셨어요?",2025-06-05T01:30:00.000Z,2025-06-05T01:30:00.000Z
167,123e4567-e89b-12d3-a456-426614170035,36,14,"유연성 기르는 방법 알려주세요",2025-06-05T01:45:00.000Z,2025-06-05T01:45:00.000Z
168,123e4567-e89b-12d3-a456-426614170049,50,14,"요가 할 때 호흡법이 중요하죠",2025-06-05T02:00:00.000Z,2025-06-05T02:00:00.000Z
169,123e4567-e89b-12d3-a456-426614170001,2,15,"파도소리 들으면서 하니까 힐링되겠어요",2025-06-05T00:15:00.000Z,2025-06-05T00:15:00.000Z
170,123e4567-e89b-12d3-a456-426614170015,16,15,"해수욕장에서 요가라니 멋져요!",2025-06-05T00:30:00.000Z,2025-06-05T00:30:00.000Z
171,123e4567-e89b-12d3-a456-426614170029,30,15,"바다 보면서 하는 요가 어떤 기분인가요?",2025-06-05T00:45:00.000Z,2025-06-05T00:45:00.000Z
172,123e4567-e89b-12d3-a456-426614170043,44,15,"모래 위에서 해도 괜찮나요?",2025-06-05T01:00:00.000Z,2025-06-05T01:00:00.000Z
173,123e4567-e89b-12d3-a456-426614170057,58,15,"저도 바다에서 요가 해보고 싶어요",2025-06-05T01:15:00.000Z,2025-06-05T01:15:00.000Z
174,123e4567-e89b-12d3-a456-426614170071,72,15,"힐링이 저절로 될 것 같아요",2025-06-05T01:30:00.000Z,2025-06-05T01:30:00.000Z
175,123e4567-e89b-12d3-a456-426614170085,86,15,"파도소리가 최고의 BGM이겠네요",2025-06-05T01:45:00.000Z,2025-06-05T01:45:00.000Z
176,123e4567-e89b-12d3-a456-426614170099,99,15,"해변 요가 정말 로맨틱해요",2025-06-05T02:00:00.000Z,2025-06-05T02:00:00.000Z
177,123e4567-e89b-12d3-a456-426614170007,8,15,"어느 해수욕장인가요?",2025-06-05T02:15:00.000Z,2025-06-05T02:15:00.000Z
178,123e4567-e89b-12d3-a456-426614170021,22,15,"일출 시간에 하면 더 좋을 것 같아요",2025-06-05T02:30:00.000Z,2025-06-05T02:30:00.000Z
179,123e4567-e89b-12d3-a456-426614170035,36,15,"요가 매트 모래에 깔고 하셨나요?",2025-06-05T02:45:00.000Z,2025-06-05T02:45:00.000Z
180,123e4567-e89b-12d3-a456-426614170049,50,15,"자연과 함께하는 요가 최고네요",2025-06-05T03:00:00.000Z,2025-06-05T03:00:00.000Z
181,123e4567-e89b-12d3-a456-426614170019,20,16,"새벽 러닝 정말 대단하세요!",2025-06-05T01:15:00.000Z,2025-06-05T01:15:00.000Z
182,123e4567-e89b-12d3-a456-426614170033,34,16,"한강 어느 구간에서 뛰시나요?",2025-06-05T01:30:00.000Z,2025-06-05T01:30:00.000Z
183,123e4567-e89b-12d3-a456-426614170047,48,16,"러닝화 추천해주실 수 있나요?",2025-06-05T01:45:00.000Z,2025-06-05T01:45:00.000Z
184,123e4567-e89b-12d3-a456-426614170061,62,16,"몇 km 정도 뛰세요?",2025-06-05T02:00:00.000Z,2025-06-05T02:00:00.000Z
185,123e4567-e89b-12d3-a456-426614170075,76,16,"새벽에 일어나는게 제일 힘들어요",2025-06-05T02:15:00.000Z,2025-06-05T02:15:00.000Z
186,123e4567-e89b-12d3-a456-426614170089,90,16,"러닝 앱 뭐 쓰시나요?",2025-06-05T02:30:00.000Z,2025-06-05T02:30:00.000Z
187,123e4567-e89b-12d3-a456-426614170003,4,16,"무릎이 아픈데 러닝해도 괜찮을까요?",2025-06-05T02:45:00.000Z,2025-06-05T02:45:00.000Z
188,123e4567-e89b-12d3-a456-426614170017,18,16,"스트레스 해소에 정말 좋죠",2025-06-05T03:00:00.000Z,2025-06-05T03:00:00.000Z
189,123e4567-e89b-12d3-a456-426614170031,32,16,"날씨 추울 때는 어떻게 하세요?",2025-06-05T03:15:00.000Z,2025-06-05T03:15:00.000Z
190,123e4567-e89b-12d3-a456-426614170045,46,16,"러닝 페이스 어떻게 조절하세요?",2025-06-05T03:30:00.000Z,2025-06-05T03:30:00.000Z
191,123e4567-e89b-12d3-a456-426614170059,60,16,"음악 들으면서 뛰시나요?",2025-06-05T03:45:00.000Z,2025-06-05T03:45:00.000Z
192,123e4567-e89b-12d3-a456-426614170073,74,16,"한강 러닝 코스 정말 좋죠!",2025-06-05T04:00:00.000Z,2025-06-05T04:00:00.000Z
193,123e4567-e89b-12d3-a456-426614170001,2,17,"러닝으로 스트레스 해소 최고죠!",2025-06-05T02:15:00.000Z,2025-06-05T02:15:00.000Z
194,123e4567-e89b-12d3-a456-426614170015,16,17,"상쾌한 하루 시작이네요",2025-06-05T02:30:00.000Z,2025-06-05T02:30:00.000Z
195,123e4567-e89b-12d3-a456-426614170029,30,17,"러닝 후 기분이 어떤가요?",2025-06-05T02:45:00.000Z,2025-06-05T02:45:00.000Z
196,123e4567-e89b-12d3-a456-426614170043,44,17,"저도 러닝 시작해보고 싶어요",2025-06-05T03:00:00.000Z,2025-06-05T03:00:00.000Z
197,123e4567-e89b-12d3-a456-426614170057,58,17,"러닝화 추천해주세요",2025-06-05T03:15:00.000Z,2025-06-05T03:15:00.000Z
198,123e4567-e89b-12d3-a456-426614170071,72,17,"몇 km 정도 뛰세요?",2025-06-05T03:30:00.000Z,2025-06-05T03:30:00.000Z
199,123e4567-e89b-12d3-a456-426614170085,86,17,"러닝 앱 뭐 쓰시나요?",2025-06-05T03:45:00.000Z,2025-06-05T03:45:00.000Z
200,123e4567-e89b-12d3-a456-426614170099,99,17,"무릎 보호는 어떻게 하세요?",2025-06-05T04:00:00.000Z,2025-06-05T04:00:00.000Z
201,123e4567-e89b-12d3-a456-426614170007,8,17,"스트레스 해소에 정말 좋죠",2025-06-05T04:15:00.000Z,2025-06-05T04:15:00.000Z
202,123e4567-e89b-12d3-a456-426614170021,22,17,"일주일에 몇 번 뛰세요?",2025-06-05T04:30:00.000Z,2025-06-05T04:30:00.000Z
203,123e4567-e89b-12d3-a456-426614170035,36,17,"러닝 후 스트레칭 루틴 있나요?",2025-06-05T04:45:00.000Z,2025-06-05T04:45:00.000Z
204,123e4567-e89b-12d3-a456-426614170049,50,17,"초보자도 매일 뛰어도 되나요?",2025-06-05T05:00:00.000Z,2025-06-05T05:00:00.000Z
205,123e4567-e89b-12d3-a456-426614170015,16,18,"크로스핏 정말 힘들어 보이네요!",2025-06-05T03:15:00.000Z,2025-06-05T03:15:00.000Z
206,123e4567-e89b-12d3-a456-426614170029,30,18,"전신 운동이라 효과가 좋을 것 같아요",2025-06-05T03:30:00.000Z,2025-06-05T03:30:00.000Z
207,123e4567-e89b-12d3-a456-426614170043,44,18,"저도 도전해보고 싶은데 겁나네요",2025-06-05T03:45:00.000Z,2025-06-05T03:45:00.000Z
208,123e4567-e89b-12d3-a456-426614170057,58,18,"근력이 어느정도 되어야 할 수 있나요?",2025-06-05T04:00:00.000Z,2025-06-05T04:00:00.000Z
209,123e4567-e89b-12d3-a456-426614170071,72,18,"부상 위험은 없나요?",2025-06-05T04:15:00.000Z,2025-06-05T04:15:00.000Z
210,123e4567-e89b-12d3-a456-426614170085,86,18,"얼마나 힘든지 궁금해요",2025-06-05T04:30:00.000Z,2025-06-05T04:30:00.000Z
211,123e4567-e89b-12d3-a456-426614170099,99,18,"크로스핏 장비 비싸지 않나요?",2025-06-05T04:45:00.000Z,2025-06-05T04:45:00.000Z
212,123e4567-e89b-12d3-a456-426614170007,8,18,"일주일에 몇 번 하세요?",2025-06-05T05:00:00.000Z,2025-06-05T05:00:00.000Z
213,123e4567-e89b-12d3-a456-426614170021,22,18,"다이어트 효과는 어떤가요?",2025-06-05T05:15:00.000Z,2025-06-05T05:15:00.000Z
214,123e4567-e89b-12d3-a456-426614170035,36,18,"강도 조절이 가능한가요?",2025-06-05T05:30:00.000Z,2025-06-05T05:30:00.000Z
215,123e4567-e89b-12d3-a456-426614170049,50,18,"운동 초보도 할 수 있나요?",2025-06-05T05:45:00.000Z,2025-06-05T05:45:00.000Z
216,123e4567-e89b-12d3-a456-426614170063,64,18,"월 회비 얼마 정도 하나요?",2025-06-05T06:00:00.000Z,2025-06-05T06:00:00.000Z
217,123e4567-e89b-12d3-a456-426614170001,2,19,"WOD가 뭐에요?",2025-06-05T04:15:00.000Z,2025-06-05T04:15:00.000Z
218,123e4567-e89b-12d3-a456-426614170014,15,19,"땀이 비 오듯 흘렸겠네요!",2025-06-05T04:30:00.000Z,2025-06-05T04:30:00.000Z
219,123e4567-e89b-12d3-a456-426614170028,29,19,"크로스핏 도전 멋져요!",2025-06-05T04:45:00.000Z,2025-06-05T04:45:00.000Z
220,123e4567-e89b-12d3-a456-426614170042,43,19,"오늘의 WOD 어떤 운동이었나요?",2025-06-05T05:00:00.000Z,2025-06-05T05:00:00.000Z
221,123e4567-e89b-12d3-a456-426614170056,57,19,"전신 운동이라 효과가 좋을 것 같아요",2025-06-05T05:15:00.000Z,2025-06-05T05:15:00.000Z
222,123e4567-e89b-12d3-a456-426614170070,71,19,"저도 도전해보고 싶은데 겁나네요",2025-06-05T05:30:00.000Z,2025-06-05T05:30:00.000Z
223,123e4567-e89b-12d3-a456-426614170084,85,19,"근력이 어느정도 되어야 할 수 있나요?",2025-06-05T05:45:00.000Z,2025-06-05T05:45:00.000Z
224,123e4567-e89b-12d3-a456-426614170098,99,19,"부상 위험은 없나요?",2025-06-05T06:00:00.000Z,2025-06-05T06:00:00.000Z
225,123e4567-e89b-12d3-a456-426614170006,7,19,"얼마나 힘든지 궁금해요",2025-06-05T06:15:00.000Z,2025-06-05T06:15:00.000Z
226,123e4567-e89b-12d3-a456-426614170020,21,19,"크로스핏 장비 비싸지 않나요?",2025-06-05T06:30:00.000Z,2025-06-05T06:30:00.000Z
227,123e4567-e89b-12d3-a456-426614170034,35,19,"일주일에 몇 번 하세요?",2025-06-05T06:45:00.000Z,2025-06-05T06:45:00.000Z
228,123e4567-e89b-12d3-a456-426614170048,49,19,"다이어트 효과는 어떤가요?",2025-06-05T07:00:00.000Z,2025-06-05T07:00:00.000Z
229,123e4567-e89b-12d3-a456-426614170001,2,20,"크로스핏으로 전신운동 좋죠!",2025-06-05T05:15:00.000Z,2025-06-05T05:15:00.000Z
230,123e4567-e89b-12d3-a456-426614170015,16,20,"몸이 개운해진다니 부럽네요",2025-06-05T05:30:00.000Z,2025-06-05T05:30:00.000Z
231,123e4567-e89b-12d3-a456-426614170029,30,20,"전신 운동 효과 좋을 것 같아요",2025-06-05T05:45:00.000Z,2025-06-05T05:45:00.000Z
232,123e4567-e89b-12d3-a456-426614170043,44,20,"저도 도전해보고 싶어요",2025-06-05T06:00:00.000Z,2025-06-05T06:00:00.000Z
233,123e4567-e89b-12d3-a456-426614170057,58,20,"크로스핏 박스 어디인가요?",2025-06-05T06:15:00.000Z,2025-06-05T06:15:00.000Z
234,123e4567-e89b-12d3-a456-426614170071,72,20,"운동 후 개운함 정말 좋죠",2025-06-05T06:30:00.000Z,2025-06-05T06:30:00.000Z
235,123e4567-e89b-12d3-a456-426614170085,86,20,"얼마나 힘든지 궁금해요",2025-06-05T06:45:00.000Z,2025-06-05T06:45:00.000Z
236,123e4567-e89b-12d3-a456-426614170099,99,20,"크로스핏 장비 비싸지 않나요?",2025-06-05T07:00:00.000Z,2025-06-05T07:00:00.000Z
237,123e4567-e89b-12d3-a456-426614170007,8,20,"일주일에 몇 번 하세요?",2025-06-05T07:15:00.000Z,2025-06-05T07:15:00.000Z
238,123e4567-e89b-12d3-a456-426614170021,22,20,"다이어트 효과는 어떤가요?",2025-06-05T07:30:00.000Z,2025-06-05T07:30:00.000Z
239,123e4567-e89b-12d3-a456-426614170035,36,20,"강도 조절이 가능한가요?",2025-06-05T07:45:00.000Z,2025-06-05T07:45:00.000Z
240,123e4567-e89b-12d3-a456-426614170049,50,20,"운동 초보도 할 수 있나요?",2025-06-05T08:00:00.000Z,2025-06-05T08:00:00.000Z
241,123e4567-e89b-12d3-a456-426614170001,2,21,"크로스핏 박스 어디인가요?",2025-06-05T06:15:00.000Z,2025-06-05T06:15:00.000Z
242,123e4567-e89b-12d3-a456-426614170015,16,21,"새로운 박스 방문 어떠셨나요?",2025-06-05T06:30:00.000Z,2025-06-05T06:30:00.000Z
243,123e4567-e89b-12d3-a456-426614170029,30,21,"분위기가 좋다니 부럽네요",2025-06-05T06:45:00.000Z,2025-06-05T06:45:00.000Z
244,123e4567-e89b-12d3-a456-426614170043,44,21,"크로스핏 박스 추천해주세요",2025-06-05T07:00:00.000Z,2025-06-05T07:00:00.000Z
245,123e4567-e89b-12d3-a456-426614170057,58,21,"시설은 어떤가요?",2025-06-05T07:15:00.000Z,2025-06-05T07:15:00.000Z
246,123e4567-e89b-12d3-a456-426614170071,72,21,"코치분들은 어떠신가요?",2025-06-05T07:30:00.000Z,2025-06-05T07:30:00.000Z
247,123e4567-e89b-12d3-a456-426614170085,86,21,"회원들 분위기도 좋나요?",2025-06-05T07:45:00.000Z,2025-06-05T07:45:00.000Z
248,123e4567-e89b-12d3-a456-426614170099,99,21,"등록비는 얼마 정도 하나요?",2025-06-05T08:00:00.000Z,2025-06-05T08:00:00.000Z
249,123e4567-e89b-12d3-a456-426614170007,8,21,"장비들은 최신인가요?",2025-06-05T08:15:00.000Z,2025-06-05T08:15:00.000Z
250,123e4567-e89b-12d3-a456-426614170021,22,21,"샤워시설도 깨끗한가요?",2025-06-05T08:30:00.000Z,2025-06-05T08:30:00.000Z
251,123e4567-e89b-12d3-a456-426614170035,36,21,"주차는 편리한가요?",2025-06-05T08:45:00.000Z,2025-06-05T08:45:00.000Z
252,123e4567-e89b-12d3-a456-426614170049,50,21,"저도 가보고 싶어요!",2025-06-05T09:00:00.000Z,2025-06-05T09:00:00.000Z
253,123e4567-e89b-12d3-a456-426614170001,2,22,"팀워크 운동이라 더 재밌겠어요",2025-06-05T07:15:00.000Z,2025-06-05T07:15:00.000Z
254,123e4567-e89b-12d3-a456-426614170015,16,22,"크로스핏 팀 훈련 어떤가요?",2025-06-05T07:30:00.000Z,2025-06-05T07:30:00.000Z
255,123e4567-e89b-12d3-a456-426614170029,30,22,"같이 하니까 더 힘이 날 것 같아요",2025-06-05T07:45:00.000Z,2025-06-05T07:45:00.000Z
256,123e4567-e89b-12d3-a456-426614170043,44,22,"팀원들과 친해지셨나요?",2025-06-05T08:00:00.000Z,2025-06-05T08:00:00.000Z
257,123e4567-e89b-12d3-a456-426614170057,58,22,"경쟁심리도 생길 것 같아요",2025-06-05T08:15:00.000Z,2025-06-05T08:15:00.000Z
258,123e4567-e89b-12d3-a456-426614170071,72,22,"동기부여가 될 것 같아요",2025-06-05T08:30:00.000Z,2025-06-05T08:30:00.000Z
259,123e4567-e89b-12d3-a456-426614170085,86,22,"저도 팀 운동 해보고 싶어요",2025-06-05T08:45:00.000Z,2025-06-05T08:45:00.000Z
260,123e4567-e89b-12d3-a456-426614170099,99,22,"어떤 종목으로 하셨나요?",2025-06-05T09:00:00.000Z,2025-06-05T09:00:00.000Z
261,123e4567-e89b-12d3-a456-426614170007,8,22,"팀워크가 중요할 것 같아요",2025-06-05T09:15:00.000Z,2025-06-05T09:15:00.000Z
262,123e4567-e89b-12d3-a456-426614170021,22,22,"다음에도 같이 하실 건가요?",2025-06-05T09:30:00.000Z,2025-06-05T09:30:00.000Z
263,123e4567-e89b-12d3-a456-426614170035,36,22,"운동량이 더 많을 것 같아요",2025-06-05T09:45:00.000Z,2025-06-05T09:45:00.000Z
264,123e4567-e89b-12d3-a456-426614170049,50,22,"재밌게 운동하셨네요!",2025-06-05T10:00:00.000Z,2025-06-05T10:00:00.000Z